barsStartMedian,barsStartMean,barsStartVariance,barsStartRange,beatsStartMedian,beatsStartMean,beatsStartVariance,beatsStartRange,sectionsStartMedian,sectionsStartMean,sectionsStartVariance,sectionsStartRange,segmentsMaxLoudnessMedian,segmentsMaxLoudnessMean,segmentsMaxLoudnessVariance,segmentsMaxLoudnessRange,segmentsMaxLoudnessTimeMedian,segmentsMaxLoudnessTimeMean,segmentsMaxLoudnessTimeVariance,segmentsMaxLoudnessTimeRange,segmentsMaxLoudnessStartMedian,segmentsMaxLoudnessStartMean,segmentsMaxLoudnessStartVariance,segmentsMaxLoudnessStartRange,segmentsStartMedian,segmentsStartMean,segmentsStartVariance,segmentsStartRange,tatumsStartMedian,tatumsStartMean,tatumsStartVariance,tatumsStartRange,timbre0Median,timbre0Mean,timbre0Variance,timbre0Range,timbre1Median,timbre1Mean,timbre1Variance,timbre1Range,timebre2Median,timebre2Mean,timebre2Variance,timebre2Range,timbre3Median,timbre3Mean,timbre3Variance,timbre3Range,timbre4Median,timbre4Mean,timbre4Variance,timbre4Range,timbre5Median,timbre5Mean,timbre5Variance,timbre5Range,timbre6Median,timbre6Mean,timbre6Variance,timbre6Range,timbre7Median,timbre7Mean,timbre7Variance,timbre7Range,timbre8Median,timbre8Mean,timbre8Variance,timbre8Range,timbre9Median,timbre9Mean,timbre9Variance,timbre9Range,timbre10Median,timbre10Mean,timbre10Variance,timbre10Range,timbre11Median,timbre11Mean,timbre11Variance,timbre11Range,pitch0Median,pitch0Mean,pitch0Variance,pitch0Range,pitch1Median,pitch1Mean,pitch1Variance,pitch1Range,pitch2Median,pitch2Mean,pitch2Variance,pitch2Range,pitch3Median,pitch3Mean,pitch3Variance,pitch3Range,pitch4Median,pitch4Mean,pitch4Variance,pitch4Range,pitch5Median,pitch5Mean,pitch5Variance,pitch5Range,pitch6Median,pitch6Mean,pitch6Variance,pitch6Range,pitch7Median,pitch7Mean,pitch7Variance,pitch7Range,pitch8Median,pitch8Mean,pitch8Variance,pitch8Range,pitch9Median,pitch9Mean,pitch9Variance,pitch9Range,pitch10Median,pitch10Mean,pitch10Variance,pitch10Range,pitch11Median,pitch11Mean,pitch11Variance,pitch11Range,timeSignature,songKey,mode,startOfFadeOut,duration,endOfFadeIn,danceability,energy,loudness,tempo,hotness
133.32036,133.336470558,5853.63157645,264.24324,133.32036,133.336470558,5853.63157645,264.24324,110.36386,120.810678182,6025.56583733,255.09747,-11.063,-12.6734456233,37.5801064009,53.009,0.04268,0.0536429708223,0.00145449273512,0.49279,-18.965,-19.8510433245,42.6717379265,51.767,128.1015,129.713690274,5685.51781037,264.65755,133.1863,133.209201894,5853.89456781,264.43856,45.437,43.9513448276,35.7904712498,50.783,-0.06,-0.206063660477,1126.62687013,258.224,44.874,40.4175030946,1520.89199517,254.692,8.561,8.85439964633,829.367722052,315.86,8.986,8.72749867374,797.038420345,191.674,-11.423,-7.67480548187,749.12957398,266.272,1.428,1.60648541114,287.321194771,112.836,-2.002,-1.23681697613,342.624983354,137.318,-8.218,-10.4807524315,426.846819458,145.613,-7.638,-8.23633952255,243.587113948,167.855,3.859,3.45503183024,256.279903944,235.983,2.826,1.82454995579,221.996623167,126.122,0.644,0.640192749779,0.0875358196114,0.958,0.503,0.547231653404,0.083296080731,0.961,0.365,0.419411140584,0.0652891368874,0.996,0.399,0.467920424403,0.0795101987959,0.993,0.304,0.352934571176,0.0432940169392,0.988,0.347,0.428946065429,0.0964974657029,0.977,0.304,0.365309460654,0.0630676425188,0.977,0.378,0.45067285588,0.075010904471,0.972,0.382,0.440513704686,0.0764678430925,0.99,0.291,0.367966401415,0.0683467910904,0.993,0.301,0.374652519894,0.0676345220516,0.978,0.232,0.299115826702,0.0487881784498,0.973,1.0,8.0,1.0,253.423,269.00853,0.0,0.0,0.0,-9.699,118.044,0.547003914303
247.507635,247.377624091,20331.4598096,492.41436,248.641515,248.547603258,20563.9246746,496.64287,225.6977,229.322057333,22192.7887032,487.48861,-5.101,-6.03587751747,22.1782766171,60.357,0.02658,0.0350818207974,0.000740351155624,0.31916,-13.127,-14.1646115906,33.310440605,56.759,251.81166,251.666440884,21596.672329,497.08372,248.64709,248.547590287,20544.5389408,496.64287,50.419,49.6617887382,21.4533053306,57.267,34.758,29.5356095356,2125.09563962,400.619,1.899,2.73483806001,1398.24481976,294.791,9.065,12.7983810111,1212.37069212,542.458,-1.968,-1.5697081792,619.864252614,215.062,-26.364,-25.5638688861,726.757930268,381.903,2.229,1.46409535553,360.016454792,137.277,3.431,3.32156720099,283.077640051,228.775,5.114,6.39887094122,225.799576446,124.008,5.191,5.76927414714,215.648445335,167.473,6.753,7.11407727086,229.557833507,183.469,-0.879,-0.607760789149,183.723317159,156.835,0.902,0.784913686806,0.0657718191016,0.97,0.508,0.555,0.0904633489519,0.981,0.351,0.386274558159,0.054527253841,0.99,0.351,0.368124948623,0.0526901718108,0.98,0.309,0.347963830662,0.0314202280383,0.982,0.608,0.625987258529,0.100001003126,0.973,0.269,0.310284833539,0.0331640080602,0.981,0.216,0.303113440197,0.0530378556065,0.977,0.18,0.282234689684,0.0601763645673,0.984,0.216,0.267603370325,0.0311417945961,0.98,0.167,0.247071105631,0.0444295843398,0.989,0.493,0.513547472256,0.0707471306071,0.989,4.0,0.0,1.0,489.86,500.29669,0.206,0.0,0.0,-3.223,128.006,0.523166108211
106.44193,106.451682437,3782.42692814,211.15011,107.33978,107.346745052,3830.50629754,213.8267,71.53208,80.3302309091,3164.56946501,179.41593,-4.067,-4.5890845987,6.40163976725,14.326,0.034385,0.0487200759219,0.00154038187668,0.30008,-10.2455,-11.4200097614,21.5440617255,56.316,101.874555,104.965297668,3586.29139922,214.2942,107.22761,107.234943006,3830.50867297,214.04949,53.2405,52.4904577007,7.51269141307,15.511,67.134,66.6417462039,1015.62572596,188.258,-1.8315,-6.79363665944,1292.27402634,241.604,-9.0805,-7.66598481562,611.982079223,172.667,8.3435,8.87306507592,464.551985532,155.058,-22.0175,-20.0086258134,486.731067965,309.086,-4.627,-3.58096746204,363.397593272,129.328,7.489,8.85130477223,405.79952414,150.881,-3.666,-4.18094685466,175.157749773,89.355,4.611,4.35025921909,159.128919756,122.589,3.884,3.96054229935,155.599050424,178.857,-1.1305,-2.33724295011,184.744279383,106.112,0.3785,0.426127982646,0.0806522526009,0.978,0.3485,0.42848373102,0.0742194254403,0.96,0.2045,0.239126898048,0.0281979155672,0.871,0.2775,0.330047722343,0.0491639369851,0.983,0.284,0.414699566161,0.114344637505,0.982,0.311,0.352218004338,0.0482049036672,0.972,0.351,0.507044468547,0.120136738803,0.957,0.21,0.271534707158,0.0403358735243,0.971,0.165,0.207881778742,0.0224148070649,0.978,0.1605,0.227096529284,0.0382018724608,0.986,0.188,0.233625813449,0.0296222081406,0.968,0.447,0.546313449024,0.141472761836,0.986,4.0,1.0,0.0,214.778,214.77832,0.0,0.0,0.0,-3.477,134.001,0.495307339044
69.617945,69.9053570313,1614.33950636,137.53473,70.96703,71.2703249237,1692.26772626,142.53345,58.27757,65.7199571429,2711.73620167,137.60387,-14.627,-15.4713904924,23.9808690665,53.931,0.03638,0.0478941426146,0.00685320445075,1.88898,-21.544,-22.3219439728,31.0341034587,49.366,70.63873,70.2212497284,1606.51793412,142.71175,70.96841,71.270146673,1685.76303145,142.53345,42.007,41.3524108659,23.5694793388,49.835,-67.911,-69.0122495756,2192.78372063,403.143,36.131,33.8486536503,1786.65965498,277.167,11.493,11.6849049236,1222.32968271,442.112,-5.886,-6.19714601019,917.066232906,182.003,-17.653,-15.0213140917,721.540454531,377.373,22.233,26.0404159593,692.554273034,166.126,1.982,1.03661460102,594.958570763,193.908,-8.34,-11.1638862479,496.326893038,145.884,-7.508,-8.56093039049,325.422278302,144.741,3.476,3.3325483871,217.118871198,112.49,1.508,2.06567232598,314.463572519,160.074,0.351,0.416432937182,0.071242340579,0.977,0.447,0.49263327674,0.0811529079589,0.968,0.421,0.490368421053,0.0801180017872,0.975,0.366,0.390972835314,0.0447083727765,0.962,0.795,0.685016977929,0.105870383413,0.967,0.303,0.348575551783,0.0444506755313,0.983,0.343,0.386665534805,0.0572828847374,0.967,0.353,0.421772495756,0.0699728548632,0.973,0.313,0.350427843803,0.0451087948784,0.985,0.404,0.465303904924,0.0847943949084,0.973,0.266,0.315872665535,0.0417463080644,0.987,0.362,0.451904923599,0.0839433933374,0.973,4.0,2.0,1.0,138.17,144.56118,0.223,0.0,0.0,-12.817,110.112,0.485122364102
108.07851,108.202840659,3921.37389739,215.23315,108.56541,108.690958378,3968.61785198,217.48163,62.82553,81.9486775,5454.15696156,207.69209,-13.411,-14.5078261328,29.8468202279,53.84,0.02806,0.0359483350896,0.000793002269093,0.34594,-21.65,-24.8281296101,69.5273175564,46.585,109.98336,109.306136449,4014.14357729,217.80231,108.56581,108.69115539,3974.49063384,217.80411,42.431,40.5804183351,34.918782393,48.583,-36.365,-42.1088345627,2248.91290477,376.992,8.094,-3.03209799789,3955.56361661,334.415,13.491,22.1090505796,2007.92077487,378.892,-9.645,-7.46857744995,750.70203335,179.859,-16.103,-7.6678061117,1488.54773713,277.791,-10.282,-10.3018967334,604.844521003,161.263,-11.587,-11.3899567966,536.349574402,229.287,11.175,10.9083835616,372.444523906,126.851,5.719,4.10194415174,365.633894207,139.275,7.827,7.57678082192,463.889240926,173.634,3.708,3.23767228662,459.40913154,146.961,0.353,0.435601685985,0.0784831016199,0.974,0.266,0.339368809273,0.0629984477521,0.985,0.227,0.325103266596,0.0819198397048,0.989,0.171,0.221982086407,0.0311242241259,0.986,0.215,0.33708113804,0.0873641441015,0.99,0.209,0.292638566913,0.0564450885442,0.979,0.383,0.435483667018,0.0732371875625,0.989,0.265,0.358489989463,0.0796906060642,0.982,0.257,0.373875658588,0.0980403933906,0.985,0.329,0.443775553214,0.106945952785,0.979,0.325,0.400382507903,0.0826105207056,0.988,0.477,0.550458377239,0.139281755117,0.989,4.0,9.0,1.0,217.954,222.58893,0.189,0.0,0.0,-11.523,185.001,0.4830645596
105.32732,105.615377611,3594.18129692,212.19795,106.23984,106.507871591,3628.28234598,214.21483,116.37163,107.431055,5347.09790111,208.66659,-11.819,-13.5455589155,38.2768076209,55.091,0.03567,0.0449372262774,0.000982554027969,0.29971,-18.876,-22.0577403545,81.2780979962,50.219,108.02785,107.254429041,3698.82266799,214.49551,106.23984,106.507256242,3622.83159485,214.21483,45.043,42.593649635,49.6114025571,51.047,-15.066,-5.50141710115,2414.72369481,366.737,33.299,19.8401845673,3038.65413622,321.95,10.936,14.515713243,1237.09959049,453.588,-2.845,-0.174380604797,654.090722699,138.765,-13.36,-9.29601564129,885.310020868,256.371,12.804,11.0091167883,357.761746487,139.585,-5.106,-1.35259645464,554.757392718,171.619,7.514,7.17771324296,205.594972859,92.41,-0.881,-0.956758081335,308.351300772,140.424,1.38,1.7877810219,220.01887469,129.31,1.033,1.10111470282,133.822917422,73.864,0.46,0.503790406674,0.0829461385524,0.992,0.537,0.578921793535,0.107038729025,0.993,0.379,0.42175286757,0.069671476986,0.978,0.355,0.432473409802,0.0825030021605,0.984,0.267,0.318215849844,0.0509993892795,0.994,0.256,0.314201251303,0.0469622316564,0.989,0.384,0.440882168926,0.0789243375236,0.986,0.324,0.378229405631,0.0694377096254,0.982,0.391,0.466437956204,0.111125042814,0.981,0.268,0.341916579771,0.0641453903299,0.984,0.279,0.35224713243,0.0628924717723,0.986,0.324,0.434690302398,0.111230069885,0.987,4.0,1.0,1.0,206.971,221.23057,0.229,0.0,0.0,-11.02,197.769,0.468997787645
161.192885,159.712430978,8275.636999,310.13006,161.87785,160.381952956,8365.68482327,316.75846,147.80249,152.293845,10033.3413101,310.61701,-13.981,-14.9955272152,24.7647029113,50.027,0.03411,0.0460676139241,0.00134957642146,0.35821,-23.6105,-24.3125601266,49.9969292021,50.145,165.72982,159.458668019,8216.72803092,317.10032,161.74319,160.262400392,8366.10484143,317.00228,41.864,40.9402367089,28.4775176668,49.115,-8.595,-8.72964936709,2429.31528402,317.42,1.536,4.8734221519,2690.9593261,283.448,6.383,10.4134537975,1474.68192983,634.465,-14.523,-14.5225911392,540.335846453,173.325,-12.6385,-7.7571164557,939.62238957,307.197,-2.64,-1.6502443038,480.418870597,183.765,-0.87,-1.28180189873,433.552597892,213.587,11.682,10.7511981013,328.144111956,136.761,6.214,6.53797594937,287.129032015,136.546,4.691,3.90083544304,349.333388017,157.747,5.118,5.38614810127,333.934861183,165.3,0.4915,0.530777848101,0.0891090791295,0.959,0.45,0.504387974684,0.0859214045389,0.965,0.3045,0.365275949367,0.0563488466368,0.979,0.346,0.409566455696,0.0685577531786,0.974,0.397,0.434492405063,0.0570559334866,0.976,0.414,0.467776582278,0.0751901152744,0.97,0.349,0.403928481013,0.0616968727331,0.973,0.4475,0.489924683544,0.0753580962262,0.975,0.605,0.598841772152,0.0890785217994,0.97,0.588,0.578441772152,0.0868130681285,0.973,0.5055,0.530459493671,0.090228400258,0.969,0.259,0.338260759494,0.0700126054222,0.989,7.0,5.0,0.0,308.587,321.14893,0.0,0.0,0.0,-12.496,123.895,0.466304830757
148.198245,145.933607761,6516.00658297,277.41945,146.35244,144.738531693,6637.94546165,283.88015,89.25225,121.828169091,8952.73833079,278.27507,-10.539,-13.9869356322,83.3498539637,58.225,0.02771,0.0376934252874,0.00114959897149,0.3476,-17.48,-21.7775141762,107.634596998,53.853,148.41914,141.422297295,6343.53350165,284.44712,146.467905,144.865455125,6637.29992569,284.13876,46.353,42.4424528736,87.0087012056,54.877,51.769,47.0919785441,3900.85693473,397.496,-10.116,-13.2742145594,1113.84189925,212.521,-3.927,-2.81082758621,807.591186449,392.003,-16.763,-18.9344183908,725.421338188,175.461,-24.592,-22.666440613,497.839677879,286.775,-21.143,-21.1057034483,337.873096183,130.955,3.763,5.05556321839,429.1493486,170.208,1.512,1.77217624521,244.437997534,106.471,1.558,2.11900383142,285.230453369,137.549,7.454,8.08515019157,190.000334161,195.608,1.384,-0.380777011494,264.216678592,131.813,0.448,0.50201532567,0.0947181162402,0.988,0.561,0.583005363985,0.104107919511,0.98,0.406,0.458700383142,0.0728424259386,0.978,0.312,0.35893256705,0.0467961854911,0.984,0.368,0.409938697318,0.0645832452841,0.984,0.34,0.394774712644,0.0634529254908,0.992,0.332,0.37269348659,0.0515668669691,0.985,0.43,0.485928735632,0.0820097826609,0.991,0.459,0.522087356322,0.0890370912194,0.991,0.394,0.448823754789,0.07042573752,0.981,0.275,0.319715708812,0.0449909912092,0.99,0.2,0.269012260536,0.0475085944857,0.993,4.0,2.0,1.0,278.361,289.04444,0.36,0.0,0.0,-8.769,119.861,0.463489662237
134.570735,134.572033235,6090.6017611,269.03888,135.23388,135.234698788,6105.70202932,270.36841,124.13351,119.942017143,7097.46056252,263.45102,-15.002,-15.4811346023,42.1079140635,55.664,0.03708,0.0475978925901,0.00107272728026,0.28764,-22.446,-23.5796138681,36.9922762805,47.752,135.8683,135.154717444,5708.00450444,270.55596,135.23388,135.234706669,6098.23932583,270.36841,41.423,40.4734853841,34.4645238378,50.387,-17.853,-16.8712216179,1515.35881858,323.67,-38.915,-38.6624282801,1492.81271669,282.043,-10.512,-5.36410265126,1309.60193842,406.815,7.782,8.62562882393,746.366932731,205.861,-19.749,-16.0294140041,655.604240089,359.099,2.87,3.89671040109,417.641453206,172.93,-6.764,-6.52164513936,336.103150054,205.927,10.004,10.4058157716,256.519839651,133.597,-0.475,-1.79154316791,274.448927271,144.751,4.753,4.99082800816,185.256686557,129.482,-4.438,-5.17590686608,236.885089534,105.707,0.61,0.599670292318,0.0876367662079,0.979,0.635,0.63521481985,0.0905737458307,0.968,0.344,0.429435757988,0.0825537115426,0.992,0.217,0.27029367777,0.0433165391782,0.994,0.213,0.268501699524,0.0469390209013,0.994,0.244,0.302514615908,0.0616528249053,0.994,0.348,0.418282121006,0.0999352317606,0.991,0.466,0.507839564922,0.1230016901,0.994,0.394,0.435184228416,0.0919603746255,0.992,0.25,0.335462950374,0.0785725110339,0.991,0.316,0.388497620666,0.0903887489746,0.996,0.245,0.330635622026,0.0805307142715,0.996,4.0,7.0,1.0,257.794,272.84853,1.019,0.0,0.0,-10.046,181.151,0.460541281359
66.814405,66.5360606061,1406.48595663,128.32282,67.14092,67.052779122,1484.62430973,132.89439,64.862435,63.6976616667,2081.13516995,122.29214,-8.812,-9.99261333333,20.0360969246,24.531,0.03155,0.0406747555556,0.00103287800242,0.39121,-21.597,-22.3165762963,51.9106884901,55.296,68.84395,68.1100141333,1520.16287466,133.56091,67.14092,67.0526693171,1484.65546906,133.32823,46.931,45.1991022222,21.7255863614,24.833,36.195,24.7012237037,4355.36237986,562.551,-43.233,-39.4574859259,2404.31454786,298.64,12.63,14.5118296296,1660.43285891,374.042,-8.268,-6.18760444444,705.179054844,181.296,-4.967,2.50290518519,1409.7854869,259.873,3.458,0.386555555556,421.846332671,131.456,-3.226,-2.58941185185,610.156548939,173.961,1.987,2.78060592593,430.862135024,140.484,8.865,10.8900207407,410.059207262,194.577,1.739,2.71739703704,401.046760562,175.7,9.926,9.51325333333,195.136825505,88.354,0.595,0.599952592593,0.0901854407155,0.969,0.619,0.604014814815,0.0938240531139,0.944,0.329,0.387405925926,0.0692700248538,0.981,0.304,0.356016296296,0.0631396812159,0.981,0.356,0.408662222222,0.0624490325728,0.958,0.366,0.388122962963,0.033610276732,0.948,0.491,0.542534814815,0.0792739821213,0.977,0.495,0.520931851852,0.0659568190595,0.978,0.354,0.453694814815,0.0815825024176,0.95,0.363,0.492672592593,0.116397206878,0.966,0.36,0.433754074074,0.0822612313723,0.968,0.322,0.415820740741,0.0940295100883,0.993,3.0,7.0,1.0,133.773,133.77261,0.0,0.0,0.0,-7.758,92.116,0.447135796286
149.86479,149.867099545,7456.3804002,298.73932,149.86479,149.867099545,7456.3804002,298.73932,144.893375,136.7688625,7469.33174348,292.34553,-14.812,-15.1813005579,38.9283895268,55.078,0.04155,0.047230223152,0.000690220584887,0.26413,-25.7925,-26.508804742,42.144901337,48.872,149.30195,150.429882197,7253.04812124,299.14005,149.68931,149.692425289,7456.43934484,299.09776,39.893,39.2638305439,33.0489506596,50.643,-29.399,-29.4361380753,3109.14194314,441.971,-70.8345,-69.5861457462,2174.36646962,301.158,-8.639,-8.45506694561,2048.18561626,477.245,17.802,17.4661576011,822.589284034,185.626,1.535,5.98550906555,1587.86494124,329.817,-1.5705,-3.40904811715,635.960710017,188.325,-8.935,-6.5630209205,800.210844299,202.698,18.8355,18.9265174338,474.50824017,190.513,-3.2725,-3.93073849372,584.056093419,151.726,-6.7825,-6.89878382148,398.864562243,146.214,-4.335,-6.25233333333,306.853185662,135.152,0.6255,0.611920502092,0.100279250305,0.98,0.8165,0.689927475593,0.110378588882,0.98,0.1745,0.222235006974,0.0332033569056,0.995,0.16,0.236189679219,0.0490225846634,0.995,0.1725,0.261377963738,0.0656260942424,0.996,0.11,0.167508368201,0.0308547171545,0.996,0.155,0.257716178522,0.0724423594733,0.997,0.136,0.214765690377,0.048741833523,0.997,0.246,0.365864016736,0.100190782764,0.995,0.1455,0.217517433752,0.0490897908397,0.995,0.235,0.340685495119,0.0851467413935,0.997,0.1615,0.274679916318,0.082252990294,0.997,1.0,8.0,0.0,290.354,302.65424,0.194,0.0,0.0,-10.557,114.523,0.439202489315
116.47333,116.310486566,4479.87749316,232.11601,116.47333,116.310486566,4479.87749316,232.11601,102.80397,99.3289411111,4025.85781662,202.41832,-6.7225,-6.96274952562,8.16367799419,17.678,0.023345,0.0386813662239,0.00145924981066,0.32767,-15.973,-18.224756167,67.7681017821,53.953,119.09991,118.228580674,4599.33287875,232.37361,116.47275,116.310674874,4470.81290205,232.11601,49.203,48.3421555977,12.6648867253,21.332,28.5085,12.8929250474,7258.49261153,525.367,-42.5465,-41.2427618596,2508.14740107,372.525,9.405,14.6183121442,2710.74124461,355.855,6.421,1.05457969639,1743.34971518,273.353,-26.792,-19.3813225806,1610.97327905,331.326,28.1135,30.8582220114,568.919681566,150.494,-14.5225,-22.0149297913,2276.97817615,320.04,-0.9555,-0.0820474383302,501.499994206,143.859,7.989,4.34091271347,592.556956782,270.81,-5.092,-4.0295370019,815.00649903,214.495,3.8345,2.25175047438,201.596642151,105.262,0.3845,0.493369070209,0.135674915969,0.985,0.4505,0.49644402277,0.127288186145,0.972,0.234,0.356844402277,0.113768461558,0.994,0.171,0.225412713472,0.0324722423811,0.993,0.1965,0.268019924099,0.0489291884076,0.995,0.1365,0.187528462998,0.028205655262,0.995,0.1745,0.298130929791,0.0894035995557,0.994,0.2095,0.321272296015,0.0939532190238,0.995,0.354,0.424769449715,0.112836171704,0.995,0.396,0.492088235294,0.15479854155,0.992,0.15,0.203411764706,0.0365798437326,0.995,0.213,0.345981024668,0.0931237776286,0.997,1.0,7.0,1.0,232.62,232.61995,0.0,0.0,0.0,-5.589,128.469,0.434838090261
36.69506,32.868465,343.495102341,54.91529,30.30653,30.9595223913,329.783835989,62.02133,28.266715,28.266715,799.007176891,56.53343,-27.125,-28.3591117021,59.7373735035,44.108,0.034605,0.0470669148936,0.00130755794155,0.29619,-34.8335,-37.649356383,107.159500176,35.999,24.25626,25.6992775532,197.531744793,62.88853,30.65334,31.3028065574,326.446467318,62.72305,28.7445,27.3776755319,67.9060681447,40.238,-46.7875,-46.4490053191,5296.72441516,417.822,19.253,11.7026968085,2532.65938484,283.555,16.7895,23.7691595745,2567.90842975,347.382,-5.15,-3.55205319149,1588.83033502,162.089,-11.374,-9.13063829787,778.861757699,225.258,-0.7375,-0.246553191489,444.69805613,132.229,2.478,12.7183351064,2926.84666689,261.712,-18.4955,-19.0311595745,264.102125538,111.863,-13.1525,-7.0675,855.23743042,189.47,7.2895,8.10164361702,285.039881432,119.22,0.203,0.0296861702128,205.465263705,85.948,0.514,0.531856382979,0.104574495332,0.981,0.56,0.529021276596,0.0983805208239,0.977,0.4675,0.460037234043,0.0736746209541,0.987,0.4625,0.470579787234,0.0918593181021,0.987,0.486,0.471808510638,0.081263005885,0.992,0.434,0.472579787234,0.0877789564,0.991,0.48,0.469840425532,0.0814060596424,0.981,0.52,0.527090425532,0.0964967737381,0.985,0.5085,0.506441489362,0.0863332146616,0.991,0.5015,0.478404255319,0.0921552727478,0.986,0.5115,0.53860106383,0.109978537658,0.996,0.591,0.563510638298,0.103357047759,0.988,4.0,10.0,1.0,54.555,63.58159,7.076,0.0,0.0,-23.661,42.98,0.430160637018
199.71512,199.440697285,13256.7409462,397.59413,201.0658,200.796456659,13408.0281606,401.17634,252.14106,234.219483846,16886.0384707,392.73766,-11.892,-12.4296369832,49.6304671426,44.915,0.03019,0.0355867196729,0.00142588043204,1.04677,-22.262,-24.1870040891,57.511386065,49.855,199.56109,193.307670436,11606.0241927,401.70812,201.17833,200.909381333,13408.0480769,401.40282,43.021,41.7518323489,41.1520518551,43.125,67.395,72.1715184007,3633.25482062,441.794,-41.694,-30.6894820536,3869.7461265,363.501,24.914,28.3652421627,2179.10796508,359.282,-1.756,2.83852567015,1189.51773608,270.354,-16.99,-7.86585233985,1874.20608818,366.223,14.033,16.08435393,736.747118588,229.599,5.148,6.42913993639,812.841997127,198.314,-5.079,-5.20762380736,297.706646669,180.264,6.212,5.88960063607,393.223200482,171.26,4.908,6.28297183099,416.68064919,208.626,2.742,3.00643116765,325.554102169,162.353,0.546,0.563121308496,0.0930224936895,0.987,0.662,0.64667969105,0.0940156270705,0.991,0.438,0.485626079055,0.112218962864,0.996,0.251,0.314387096774,0.0539367670121,0.99,0.237,0.286215810995,0.053881770327,0.994,0.321,0.414165379373,0.125206014449,0.995,0.229,0.318301681054,0.0718530175755,0.994,0.219,0.339810540663,0.0947169286667,0.995,0.236,0.337988641527,0.0902606618428,0.994,0.228,0.33452567015,0.0825143156745,0.987,0.22,0.326451158564,0.0818292707858,0.992,0.163,0.258066787824,0.0625987574658,0.996,4.0,10.0,0.0,401.92,401.91955,0.0,0.0,0.0,-6.937,133.023,0.400039656955
97.07662,97.0913068269,3169.45581873,193.18428,98.01104,98.0290771838,3215.65719779,196.01632,122.39542,108.247419,3878.33694624,189.94203,-9.2465,-10.1412207447,23.7033996321,48.357,0.031425,0.0413633111702,0.00099401842135,0.28485,-15.4905,-17.4823085106,42.5573054234,51.631,102.904895,100.323050146,3198.34409963,196.18875,98.088725,98.1072492118,3210.55730477,196.17351,47.618,46.2015053191,26.2181429548,49.155,45.251,39.1050345745,1081.38863672,274.506,22.3345,21.6506050532,1705.09748075,253.712,10.749,12.8978856383,659.969163391,218.877,-40.2335,-43.8928005319,650.782679588,133.371,-21.3375,-18.4624441489,775.513400848,330.936,10.919,16.7784308511,571.321615006,145.877,-0.983,-1.05420079787,225.367536243,103.953,9.243,11.601331117,273.193330934,107.709,11.548,13.3605890957,291.708090987,125.903,-0.2225,0.218541223404,218.740803304,170.559,-7.62,-6.07408111702,252.7185015,119.465,0.7715,0.722385638298,0.0624097635171,0.895,0.5105,0.545769946809,0.064257506916,0.915,0.265,0.351537234043,0.0694970970179,0.978,0.41,0.466373670213,0.0935054920195,0.972,0.523,0.570464095745,0.0958959987109,0.977,0.323,0.361821808511,0.0395744629286,0.976,0.3205,0.3440625,0.0248111862533,0.929,0.274,0.300494680851,0.0264133324185,0.969,0.3555,0.392253989362,0.0508421682022,0.989,0.356,0.387003989362,0.0545808523777,0.991,0.4955,0.563025265957,0.0982471123935,0.968,0.4705,0.520510638298,0.119827154142,0.986,4.0,11.0,1.0,188.563,198.39955,0.0,0.0,0.0,-7.622,127.962,0.392008771471
110.86056,110.861530275,4096.65718936,221.28168,110.86056,110.861530275,4096.65718936,221.28168,113.20598,113.64537,5322.79869858,219.16377,-2.8885,-3.72259090909,16.5211195069,60.915,0.026905,0.0348087784091,0.000685250503148,0.20556,-10.2615,-11.1791022727,26.6339235236,57.416,109.77875,108.967849754,4084.25121161,221.63197,110.86056,110.861490222,4088.00681759,221.28168,52.9105,52.2796827652,16.066648442,57.703,43.132,42.1402954545,946.29060647,292.62,3.0155,3.72303219697,1256.83984694,293.08,5.737,8.30860890152,939.04098721,220.344,0.779,0.339893939394,601.299322869,164.047,-28.6005,-26.8326647727,642.652959497,150.487,1.962,0.574232954545,413.565096734,135.354,2.2705,2.63136647727,307.790181308,148.638,4.469,4.72606060606,222.293631335,116.01,6.117,6.88196590909,204.063110058,111.158,5.3215,5.81212121212,206.045542275,97.091,-0.272,1.16194128788,181.508868379,124.744,0.9085,0.787599431818,0.063632467386,0.958,0.701,0.626412878788,0.0880338598341,0.926,0.433,0.441934659091,0.0535833603139,0.969,0.3755,0.410645833333,0.0570475525963,0.973,0.3305,0.355615530303,0.0248605965012,0.972,0.5545,0.596778409091,0.0933544092308,0.953,0.263,0.301474431818,0.0291732019978,0.967,0.2255,0.307226325758,0.0492360519963,0.97,0.215,0.321090909091,0.0698763421143,0.969,0.211,0.260691287879,0.0273724331059,0.96,0.1715,0.257464015152,0.0462321918869,0.975,0.5505,0.52962594697,0.0643328004252,0.995,1.0,5.0,0.0,217.664,224.7571,0.688,0.0,0.0,-2.001,127.981,0.386790177139
394.274595,393.654904766,51587.3945415,779.67784,395.88349,395.243347634,51812.0483132,782.40546,237.4819,279.936734737,51854.6925511,774.84711,-5.784,-7.24754790264,31.1362657837,54.737,0.0363,0.0465132004143,0.00113911377785,0.4203,-15.475,-16.9254697048,43.1229878907,55.275,198.43478,240.878416209,42342.8070065,782.60816,395.76857,395.129283051,51812.9163054,782.6347,50.276,48.8639761781,31.9503844645,53.381,89.559,84.0230823408,2339.54166331,424.453,18.16,21.2123858105,1625.1078962,306.391,14.869,16.6022283791,971.377356885,325.494,5.081,6.3088151217,904.63278005,188.797,-13.151,-7.08542413257,1050.16992157,285.739,25.965,21.2999274987,921.700915953,214.133,3.311,4.26714759192,559.674729685,171.835,3.889,3.83665665458,323.231764498,143.796,13.633,13.0689513206,368.166627532,176.936,-0.357,-0.729614707405,256.580184044,164.734,1.31,1.82759243915,219.192235316,105.596,0.754,0.714175556706,0.0602229826444,0.978,0.716,0.679873122734,0.0801713609089,0.982,0.395,0.432165717245,0.0626599238584,0.985,0.399,0.440902123252,0.0681496957542,0.986,0.406,0.445486276541,0.0567747542135,0.98,0.302,0.3608751942,0.0520589108865,0.982,0.291,0.370077679959,0.0656839173216,0.979,0.316,0.39755670637,0.0724418594203,0.987,0.255,0.358122216468,0.0691225609306,0.988,0.246,0.359170378042,0.0742195872323,0.986,0.273,0.365858622475,0.069539307304,0.982,0.427,0.521706887623,0.113143438684,0.99,4.0,11.0,1.0,774.838,782.70649,0.0,0.0,0.0,-4.787,130.07,0.372530039366
111.23007,111.290958667,4134.26400682,220.62778,112.29254,112.351752577,4194.07973289,223.82291,105.38515,106.9047,4101.06334963,209.45319,-9.3545,-10.0046890951,10.0234618987,23.528,0.039235,0.0586250696056,0.00235616047952,0.41534,-15.8115,-16.6470591647,24.6549919675,52.165,110.57102,110.793778341,4391.20747558,224.80281,112.29254,112.351881476,4204.02853478,224.34976,47.577,47.0620893271,12.3404514131,23.404,71.3155,68.9105893271,1859.25561574,256.285,-2.645,-6.81868909513,1172.46210218,224.076,-2.659,-5.36815893271,526.885617813,170.346,-6.907,-8.06967285383,484.788323953,148.622,-22.963,-18.4751798144,588.869890166,275.051,17.8935,18.2599385151,302.367222747,130.813,-5.2725,-4.64082598608,476.289740139,171.873,9.772,9.16558236659,213.538096081,107.21,9.5165,8.62135382831,290.906621932,169.241,-6.9,-7.65869605568,193.502702984,157.413,-6.055,-6.76840951276,211.647964223,88.168,0.549,0.559864269142,0.0674635187001,0.933,1.0,0.787468677494,0.0957936898542,0.977,0.243,0.27805800464,0.0317210059162,0.961,0.1515,0.21077262181,0.0324585005033,0.959,0.156,0.230240139211,0.0467830664631,0.994,0.1135,0.171577726218,0.025453772961,0.992,0.135,0.251542923434,0.0643974546541,0.991,0.162,0.263618329466,0.0656051107081,0.992,0.227,0.356783062645,0.0955777870449,0.984,0.2045,0.380182134571,0.138415717407,0.991,0.1805,0.273402552204,0.0657857115016,0.991,0.1945,0.265279582367,0.0627972199776,0.996,4.0,6.0,0.0,225.097,225.09669,0.0,0.0,0.0,-8.105,112.971,0.372530039366
133.79309,133.996007655,6117.17052891,268.04854,134.495165,134.696612062,6160.17839227,270.38758,141.9895,129.606908333,7090.64578145,267.7837,-8.404,-9.059781893,21.0411043697,57.551,0.02778,0.0391166502058,0.0016529711054,0.60141,-15.875,-16.0766625514,26.2183949989,52.484,138.20141,138.673194082,5982.91000669,270.67701,134.49517,134.695995279,6149.7384581,270.38758,48.393,47.540709465,19.2429981716,53.968,57.26,53.0215588477,2422.00579803,411.884,-29.317,-32.312963786,1494.18807697,216.93,-7.465,-6.86231851852,784.650386905,165.07,-11.075,-12.1728477366,663.481044415,209.515,-29.087,-25.718763786,412.326819198,154.692,11.369,11.1360411523,375.256171164,165.15,5.381,7.07232592593,398.318574114,159.296,-0.113,0.278641975309,233.74607661,110.175,1.319,1.38738518519,242.972006089,101.824,0.868,1.04778106996,161.728386749,135.184,-0.495,-0.39541399177,234.018976542,132.482,0.638,0.620455144033,0.0983316866711,0.997,0.945,0.801653497942,0.0675876124466,0.992,0.547,0.575371193416,0.0860175371126,0.991,0.249,0.303738271605,0.0388898343789,0.994,0.186,0.237335802469,0.0346881357964,0.992,0.187,0.240289711934,0.0410650897295,0.995,0.172,0.224917695473,0.0450134862301,0.999,0.175,0.232807407407,0.0487459151715,0.999,0.151,0.228110288066,0.0530401145855,0.999,0.22,0.331282304527,0.0780410947898,0.999,0.144,0.212209876543,0.0390654695321,0.999,0.155,0.308023045267,0.102203136917,0.999,4.0,2.0,1.0,264.307,271.3073,0.165,0.0,0.0,-6.98,128.011,0.360370582712
217.30702,211.933498743,13531.0071255,404.65922,201.95872,204.503802941,14278.3562752,413.36757,147.27405,195.502704,18876.9998143,406.14997,-11.692,-13.1981524548,30.7055320569,47.566,0.03039,0.0455187906977,0.00265756787647,0.96848,-20.063,-21.4531250646,45.2896439616,53.65,212.76177,213.490143866,13487.7365637,414.14821,201.828915,204.378974732,14260.70254,413.68434,44.593,42.9140997416,33.2768231017,46.878,21.072,16.8718320413,1799.40252647,394.372,-9.92,-16.1197844961,2305.67829166,345.009,0.498,-0.162682170543,855.437643273,475.59,-0.596,-1.62851834625,447.523464944,156.968,-21.62,-19.338098708,512.526506569,193.171,-3.974,-3.33849509044,383.038434064,145.828,-5.393,-4.28467338501,440.639066264,200.066,11.891,11.3787369509,350.959583703,132.036,0.67,0.519085271318,293.49855703,123.55,7.876,7.86306149871,224.957643089,219.332,6.652,5.4939875969,210.383799926,137.53,0.44,0.487642894057,0.0739669355244,0.996,0.513,0.563158139535,0.0906536742167,0.991,0.356,0.411176744186,0.0653898922757,0.993,0.402,0.454658914729,0.0705000066583,0.991,0.46,0.519636692506,0.0842121972066,0.978,0.388,0.475537984496,0.0925260831825,0.992,0.33,0.389918863049,0.0585564507811,0.996,0.307,0.364898191214,0.0546610919606,0.994,0.356,0.418550387597,0.0665203611562,0.997,0.356,0.431625322997,0.0772371045784,0.996,0.31,0.374294573643,0.0588996424253,0.993,0.306,0.375636692506,0.0695696101265,0.992,3.0,4.0,1.0,414.389,417.20118,0.305,0.0,0.0,-10.572,79.314,0.345802233965
52.22574,52.2309665455,928.191135119,103.38179,52.9459,52.9500673423,945.529016985,105.72978,29.66274,29.299024,563.202751714,64.70317,-7.2575,-7.36954625551,4.2344558602,19.798,0.03385,0.0375633700441,0.000478523592387,0.27342,-23.465,-24.780284141,69.4323229083,51.787,52.30533,52.428734185,947.888322065,106.1298,53.0657,53.0695962613,945.582905542,105.97092,46.164,46.0337004405,6.5952061085,17.239,-2.2385,-1.99166299559,1120.05176169,278.809,-45.315,-50.7718127753,1765.11605341,270.512,32.3785,29.6546123348,1481.22241386,266.758,-8.4435,-11.8280352423,781.042557408,168.347,28.1695,36.3339295154,3222.02077229,318.508,17.1395,14.4311321586,627.452875947,161.582,4.0055,2.98696255507,328.5371623,123.969,-9.888,-7.96065859031,189.827960273,77.875,0.2175,-0.858420704846,502.453724292,213.475,4.213,6.7267753304,939.365220016,172.434,0.4635,0.808455947137,177.774267446,69.59,0.506,0.591535242291,0.0890159580091,0.938,0.298,0.433077092511,0.100958956612,0.959,0.2285,0.31181277533,0.0529075794844,0.959,0.1515,0.260068281938,0.0740728962186,0.993,0.1835,0.225442731278,0.0286839824031,0.972,0.2555,0.300475770925,0.0310654828931,0.948,0.127,0.16813215859,0.0212306124901,0.967,0.1305,0.162125550661,0.018622268378,0.983,0.141,0.192841409692,0.0299678294747,0.984,0.3045,0.334116740088,0.0382118696317,0.969,0.615,0.587925110132,0.105504752101,0.94,0.8225,0.720810572687,0.0883802504609,0.964,4.0,8.0,0.0,106.449,106.44853,0.0,0.0,0.0,-7.025,125.029,0.327736683178
87.014025,87.0162392,2520.12087133,172.18418,88.103785,88.1030374631,2596.55055517,176.10138,49.84359,65.3240025,3144.63271828,169.18773,-6.1215,-7.22203276699,29.822485556,51.674,0.041735,0.0443342354369,0.000379632319804,0.17938,-13.4305,-14.5227779126,38.5802835733,53.955,88.168795,88.0430839199,2678.83195704,176.32943,88.10324,88.1030796917,2590.167986,176.10138,50.7165,49.3125121359,30.7540842401,50.427,57.2915,62.4361213592,1310.72090357,215.425,16.3905,14.5256334951,1290.57262761,219.873,10.02,9.26019902913,618.329538426,549.871,-0.805,0.215811893204,817.183633332,234.193,-15.688,-12.9914623786,528.209260768,460.275,24.738,23.5474053398,545.63157679,164.164,-7.172,-4.48675,332.293725292,120.593,-5.6325,-7.28940412621,297.450059348,110.962,-12.207,-10.7141152913,284.060261833,151.615,4.1675,3.5291407767,133.367322742,143.257,9.013,10.3054915049,273.79489534,100.278,1.0,0.841535194175,0.0755213337128,0.958,0.559,0.561116504854,0.0625665616693,0.957,0.3415,0.383669902913,0.0643684905505,0.961,0.319,0.380678398058,0.0658502011838,0.962,0.3635,0.386280339806,0.0383621823319,0.973,0.2725,0.343486650485,0.0625302546762,0.966,0.2675,0.310822815534,0.0427237258872,0.96,0.3235,0.376802184466,0.0491926853836,0.963,0.26,0.338097087379,0.0639330682439,0.974,0.212,0.279763349515,0.0416924379286,0.946,0.187,0.27458131068,0.0513527458158,0.979,0.63,0.579394417476,0.0976754378815,0.988,4.0,1.0,1.0,166.412,177.13587,0.0,0.0,0.0,-5.317,137.98,0.327736683178
90.7664,90.7547273118,2656.53792314,176.63618,91.24179,91.2346499467,2699.85811891,179.50789,68.67198,83.6876157143,4428.73638113,179.08113,-5.225,-6.46650483871,29.7992116597,55.495,0.03536,0.0538944193548,0.0062219118837,1.48202,-10.9005,-13.4263177419,59.0856207071,55.029,87.48497,88.4438960484,2612.97939897,181.21719,91.36182,91.3545567333,2699.86614368,179.74711,51.477,50.1356016129,37.059979259,55.151,80.212,73.7846967742,1511.62384168,322.856,11.7505,13.9237080645,1170.15137763,279.284,-2.334,-0.0156129032258,1322.2320476,440.586,-5.3105,-4.55700483871,684.519902721,178.089,-23.6835,-15.2822258065,1072.62866562,346.349,9.254,7.61110967742,512.187481023,182.205,-1.2125,-0.909935483871,450.611940651,207.093,17.6735,17.9004548387,327.977038483,129.254,10.149,9.31641612903,313.149172656,157.973,-4.2595,-3.03419193548,361.022324258,214.202,0.2215,3.32138225806,317.175898697,110.778,0.5555,0.577762903226,0.114618722817,0.99,0.6225,0.591888709677,0.117937502131,0.994,0.366,0.440159677419,0.109332676116,0.989,0.1775,0.251829032258,0.0464454965765,0.993,0.1965,0.303459677419,0.0721467967612,0.994,0.253,0.346343548387,0.0851657255229,0.993,0.215,0.298472580645,0.066427352474,0.991,0.226,0.31275483871,0.0692536140895,0.992,0.167,0.236006451613,0.047428222539,0.988,0.303,0.389329032258,0.08627442077,0.991,0.155,0.263685483871,0.0796555155957,0.991,0.212,0.306709677419,0.0698659834547,0.996,4.0,7.0,1.0,174.724,183.37914,0.0,0.0,0.0,-4.447,124.999,0.319565986883
139.60125,139.065056242,6415.42835193,276.27662,140.26655,139.72945981,6456.75881438,278.49403,102.092055,93.590123,4301.33315554,180.24993,-7.2835,-8.53218107667,19.7367097258,34.996,0.027425,0.0389789233279,0.00117575835904,0.40532,-16.558,-17.6158181077,31.0102613772,47.298,149.721635,143.924570024,6285.6616132,278.84544,140.15606,139.618774802,6456.7821665,278.71801,48.41,47.3575668842,17.752648363,34.567,33.3845,18.3659184339,4533.94453839,482.117,-7.8895,-5.0885269168,2043.84365283,312.72,12.124,16.0484967374,1302.02445335,374.704,-1.1735,-0.676703099511,672.591186856,205.825,-24.9495,-20.3653327896,874.501273948,234.674,26.4915,24.7298205546,567.958997875,166.742,8.291,7.41546737357,631.708559102,199.928,-4.5145,-4.09528058728,330.245938773,153.493,4.7385,5.12055546493,208.800190147,128.777,0.003,1.18344371941,311.676202356,212.009,2.775,2.88252528548,190.025427001,101.758,0.587,0.565686786297,0.0911257061386,0.997,0.508,0.552922512235,0.121891696279,0.993,0.4425,0.447256933116,0.0939857259919,0.987,0.303,0.408962479608,0.121828228609,0.994,0.249,0.319261011419,0.06846689109,0.997,0.2705,0.351557911909,0.0780026218501,0.997,0.247,0.304270799347,0.0595070881685,0.998,0.264,0.305897226754,0.0601982634996,0.998,0.2715,0.355382544861,0.0855086293527,0.996,0.226,0.323172104405,0.0741162876721,0.995,0.374,0.452464926591,0.114521552196,0.997,0.434,0.474153344209,0.128350738313,0.998,4.0,6.0,1.0,278.906,282.27873,0.0,0.0,0.0,-6.104,135.07,0.304169503435
127.458965,127.310949312,5138.06371075,248.56099,127.458965,127.310949312,5138.06371075,248.56099,118.23101,117.709800833,6983.03352571,236.19571,-9.864,-11.2381365894,42.4376017007,54.941,0.03197,0.0454720281457,0.0092252631713,3.14964,-17.9845,-19.8371614238,58.9089877099,52.549,123.383585,124.629238402,5141.51005287,252.18558,127.45897,127.311124523,5145.99517556,248.94441,46.2825,44.9994254967,43.4437006848,54.3,44.4145,41.7262615894,3540.46552816,421.332,-26.081,-30.4050488411,1451.71692764,278.169,-5.3635,-0.0916763245033,1269.91495183,302.714,1.822,0.563341887417,576.951966021,189.238,-25.2535,-21.4562458609,649.545344778,213.153,21.1865,21.6366986755,623.684957484,152.223,8.5885,8.24886009934,505.673924581,183.15,-1.1075,-2.2147615894,346.136654329,141.051,2.174,1.02219370861,389.857581466,148.205,1.9935,2.44543543046,224.025554401,123.176,3.8295,4.69343046358,312.967022858,140.151,0.674,0.640803807947,0.102071609687,0.992,0.5305,0.543890728477,0.0864631089207,0.988,0.31,0.392322019868,0.0797358358727,0.991,0.242,0.301486754967,0.0496726422087,0.987,0.2585,0.318380794702,0.0538923417504,0.987,0.328,0.385994205298,0.0706400438406,0.982,0.351,0.424931291391,0.0858002411401,0.981,0.434,0.525680463576,0.118549409486,0.978,0.321,0.373355960265,0.0599588633585,0.989,0.3055,0.370802980132,0.0700023452891,0.991,0.3135,0.391581953642,0.0771735859988,0.991,0.3165,0.397853476821,0.0775559942594,0.991,1.0,0.0,1.0,249.214,255.00689,4.603,0.0,0.0,-7.983,157.28,0.304169503435
215.16278,218.707131925,15818.8392721,431.09091,220.18319,219.971133123,15732.8193315,435.09036,250.96268,233.926711875,18595.9771009,429.22208,-15.222,-17.9922543153,84.8625721678,50.374,0.02952,0.0513569792865,0.00447645379807,1.118,-24.1155,-25.9619988493,98.5708714177,48.785,175.80084,192.675594045,15516.0380785,435.37701,220.18319,219.97258621,15712.3824618,435.09036,40.7025,38.2417382048,84.3948546593,50.207,9.202,-10.0274493671,6302.65213337,383.89,29.844,30.0760575374,2927.88433677,325.489,13.4365,17.0415655926,1551.62702239,438.449,-1.215,1.74531300345,1312.51226948,263.839,-21.2575,-18.872527618,695.971523573,295.549,-8.6925,-8.08920943613,751.506824038,201.435,0.9115,3.22404257768,396.400754578,164.485,-1.608,-1.13856674338,529.026678913,213.178,1.84,2.48667318757,230.521216778,132.093,5.741,6.45533659379,227.909133955,163.009,-0.5265,-1.07525776755,307.299646637,147.105,0.647,0.623611622555,0.090623061476,0.972,0.6055,0.599626006904,0.098743084525,0.984,0.457,0.482743958573,0.0790315472161,0.991,0.38,0.41065132336,0.0661616160541,0.991,0.4105,0.444267548907,0.07226892439,0.994,0.328,0.384990218642,0.0681296092254,0.989,0.3785,0.424473532796,0.0662286497598,0.984,0.338,0.393967779056,0.0751493729549,0.987,0.3345,0.383785960875,0.0699777781228,0.992,0.373,0.432752013809,0.0818290610575,0.994,0.353,0.392088607595,0.0655136250601,0.992,0.3975,0.454833716916,0.0914160419702,0.987,4.0,11.0,0.0,423.683,439.53587,0.0,0.0,0.0,-12.176,105.871,0.304169503435
120.77155,120.267289912,4772.65673437,236.63635,121.81501,121.307842582,4888.9589322,241.23704,36.36314,92.9779,8455.49044802,236.83279,-12.471,-13.8497664729,43.8262933224,45.561,0.03286,0.0532607655039,0.0176238592524,2.90201,-23.435,-23.9645087209,53.1007036472,51.102,140.388005,141.330790911,3677.63742454,241.62277,121.81501,121.307882386,4888.96355418,241.51497,42.055,41.1788381783,42.6533817054,46.199,-28.786,-24.3885281008,2480.34157839,327.827,-31.1765,-26.2960629845,2222.321508,306.094,12.648,14.1039428295,1554.01304223,453.29,18.005,17.2722277132,502.308952275,144.993,-21.187,-12.9108071705,1255.85505238,360.529,1.9765,0.570737403101,476.857269068,143.323,-4.4515,-3.43484593023,455.163005334,159.769,15.484,15.3995610465,257.511714872,103.81,4.585,3.71704651163,300.289296075,126.056,6.299,5.47823449612,330.042406943,149.318,8.018,7.88307073643,256.631954521,98.593,0.6245,0.618364341085,0.0765132451626,0.971,0.434,0.501334302326,0.0945375423117,0.982,0.1875,0.241891472868,0.0385178874467,0.98,0.2035,0.272255813953,0.0478856264197,0.982,0.2215,0.303473837209,0.0557634256721,0.988,0.299,0.391459302326,0.0774956688863,0.986,0.29,0.332042635659,0.0420494322907,0.985,0.2915,0.331837209302,0.0452214579953,0.98,0.5635,0.570729651163,0.0944963193534,0.967,0.5205,0.533532945736,0.0785267605425,0.977,0.5915,0.609947674419,0.0802786716806,0.963,0.3055,0.411266472868,0.10953311407,0.985,5.0,6.0,1.0,236.588,241.89342,5.77,0.0,0.0,-10.248,143.353,0.297278872024
143.79201,143.791459708,6870.46636969,285.46292,144.843695,144.840869174,6991.74139298,289.24724,124.91226,139.121931538,9151.18137202,282.7309,-13.593,-16.6415548617,57.7748680204,55.397,0.02482,0.0313897859054,0.000525843076493,0.2969,-30.693,-31.6164183764,62.4179302897,47.02,149.02635,148.252748403,6608.13926311,289.44499,144.84356,144.84089446,6981.62204938,289.24724,37.829,35.9359696699,45.3146072676,48.825,39.411,36.4544067797,4560.60761635,328.582,-43.161,-45.9725209634,3142.62976908,297.186,47.958,47.9751971454,2839.73020689,425.495,-21.234,-20.4249072257,1158.11465459,240.678,-14.76,-4.89766101695,2451.47279532,334.286,7.488,7.4346280107,695.335029047,167.199,-2.173,-2.74839339875,742.707355388,193.341,0.513,1.33838537021,401.609408601,128.64,12.016,9.70768064228,467.095337447,160.762,3.138,6.26894736842,561.550142699,213.74,0.899,1.88686440678,296.713762779,140.321,0.282,0.35418911686,0.0818066760992,0.998,0.307,0.486559322034,0.166576457007,0.998,0.128,0.184168599465,0.0287665879881,0.938,0.154,0.288855486173,0.0982423555654,0.998,0.093,0.228177520071,0.0809357945348,0.999,0.116,0.202966101695,0.0575050354254,0.994,0.13,0.259827832293,0.0968264993503,0.999,0.129,0.237735950045,0.0675771791625,0.998,0.163,0.362428189117,0.147070155637,0.998,0.067,0.225279214987,0.088282142378,0.998,0.102,0.261291703836,0.0933404510373,0.999,0.152,0.245609277431,0.0813808321708,0.999,4.0,11.0,1.0,278.999,292.30975,0.2,0.0,0.0,-12.998,142.908,0.270775998946
68.407795,68.86167125,1710.85368393,139.72627,72.83708,72.7638702083,1688.02595862,142.80355,55.05774,66.7028071429,1885.44163312,133.57166,-19.628,-21.6747151515,38.1223173189,38.022,0.024885,0.0986397272727,0.0704617430166,2.98178,-27.13,-28.4877030303,40.1328880754,44.122,78.709885,80.5313845758,1185.7615606,143.98975,72.65146,72.5772727604,1688.03184883,143.18818,37.191,35.0679242424,38.9281311124,40.92,-13.871,-10.1298181818,3750.73899252,237.615,-30.367,-22.6754818182,1539.76704514,228.924,-14.7925,-11.6759878788,948.664747776,185.495,-4.563,-0.95033030303,452.599412397,148.972,-33.772,-29.8137939394,349.566547558,102.014,-17.1075,-17.0275272727,298.016281449,120.251,-7.8435,-6.18572727273,396.867359992,116.732,17.171,17.0195878788,182.432934521,90.044,12.396,11.8979727273,125.425933614,72.11,6.803,6.32322727273,232.559912188,117.761,10.1895,10.7729030303,149.486776112,71.127,0.5445,0.5648,0.0741518872727,0.943,0.5885,0.591036363636,0.0807053380716,0.932,0.4585,0.503236363636,0.0908004653444,0.965,0.331,0.380521212121,0.0548689525803,0.952,0.3785,0.434375757576,0.0716431436547,0.957,0.447,0.479972727273,0.0949160204683,0.977,0.407,0.453909090909,0.0862915735537,0.979,0.393,0.45143030303,0.080306081506,0.956,0.4095,0.466293939394,0.0837636014784,0.961,0.424,0.488927272727,0.0843259219835,0.953,0.4575,0.491439393939,0.0768200402663,0.969,0.488,0.521533333333,0.0942651337374,0.979,3.0,7.0,1.0,154.883,172.53832,2.316,0.0,0.0,-18.451,79.413,0.268039987742
293.48135,293.923828008,28283.6610139,584.69906,295.33595,295.859800801,28684.2393891,590.43752,291.63971,269.926844118,30751.8267517,580.32466,-13.909,-14.5246887789,25.8308647919,45.294,0.03353,0.0413552409241,0.00109186885491,0.39084,-21.4295,-21.9445330033,33.7150875908,49.468,306.504015,294.894724614,26249.8381967,591.31651,295.33595,295.859797817,28707.2688356,590.92203,42.4925,41.8292039604,26.5240068449,42.947,-8.588,-6.71792706271,1512.82369439,381.902,18.3055,18.9366653465,1557.25750121,283.656,7.975,8.22669405941,668.200145334,436.621,7.2725,8.1554980198,618.008509024,248.083,-17.8505,-16.6972656766,545.172949963,298.466,-11.061,-10.7077854785,491.859032607,189.669,-0.529,-0.380637623762,291.833443791,205.166,-1.662,-2.32340561056,329.365211214,196.211,1.6015,1.28372937294,248.453869275,150.031,7.7725,8.49051023102,190.116225688,119.925,11.4525,11.2494217822,290.795540252,157.729,0.515,0.531131023102,0.078423263691,0.984,0.5835,0.605948844884,0.0914623878122,0.992,0.48,0.516026072607,0.0723506755578,0.988,0.382,0.426024752475,0.0561625700144,0.992,0.429,0.476376237624,0.0669421515146,0.989,0.349,0.38959339934,0.0552328524977,0.991,0.367,0.415399009901,0.0602892345205,0.994,0.394,0.440292409241,0.0632146755529,0.995,0.442,0.500303960396,0.0763611495223,0.996,0.4805,0.53178019802,0.0811859015221,0.995,0.311,0.364032673267,0.0494134718698,0.996,0.29,0.369892079208,0.0667311497392,0.992,5.0,9.0,1.0,586.141,595.46077,0.0,0.0,0.0,-11.718,129.314,0.26734206946
149.56574,148.944597478,7303.46677046,293.98775,151.16324,150.546539224,7428.65793931,298.52777,172.72672,160.177212857,9317.36421409,289.63259,-23.362,-24.5264263566,29.3389796599,45.156,0.03147,0.0437963676633,0.00184150731704,0.3801,-30.17,-31.590654485,33.6757036791,41.083,147.61274,147.539582115,7579.60200221,298.97705,151.322415,150.707674688,7428.32907003,298.85369,32.353,31.4440863787,27.0515946592,40.545,-13.381,-25.5711683278,4209.28134219,367.264,-60.506,-58.6290598007,3113.89624309,368.319,-17.861,-15.1816157254,1696.20516407,475.994,-9.893,-10.7961960133,944.457865969,327.156,-27.493,-20.6158349945,1039.03244966,375.242,-9.366,-1.63922591362,1607.1769287,246.956,-6.722,-6.52753045404,392.800653055,167.076,5.474,3.60093909192,717.349344733,193.84,0.623,-0.867283499446,317.920216106,171.342,2.21,2.25589922481,211.890573639,119.267,9.534,14.5468527132,1026.38076565,191.476,0.042,0.150266888151,0.0597384747286,0.999,0.068,0.172070874862,0.0604446705028,0.999,0.237,0.420287929125,0.159504240463,0.994,0.04,0.0737198228128,0.0114593711131,0.998,0.022,0.0722336655592,0.0184944847138,0.999,0.023,0.137189368771,0.0754426296987,0.999,0.1,0.146015503876,0.0252679709667,0.996,1.0,0.629131782946,0.181216300463,0.998,0.059,0.103945736434,0.019723362504,0.998,0.065,0.13019269103,0.0329405431581,0.997,0.034,0.0698261351052,0.0136682122959,0.999,0.048,0.103469545958,0.0185744107558,0.997,4.0,0.0,1.0,286.081,305.52771,0.0,0.0,0.0,-21.213,92.56,0.266955186276
134.042385,133.926460678,6054.0387909,267.28648,135.18215,135.068706448,6080.05103113,269.58493,142.03606,133.898151818,7540.53088326,263.56023,-16.228,-16.7343349851,43.9154624864,53.275,0.03454,0.046971308226,0.00164933760622,0.33432,-24.721,-25.4780208127,41.7876089084,47.18,136.56866,136.174726947,6256.40237587,270.08132,135.18215,135.068761905,6067.21580744,269.58493,40.205,38.997222002,33.0431544681,47.95,-28.101,-24.4887482656,1861.25644762,312.35,-13.128,-11.3842259663,1671.88651525,300.154,-3.603,2.41028344896,1714.5924482,303.534,1.807,0.0127244796829,1012.70830483,255.478,-19.299,-12.965296333,982.908395307,379.062,-8.835,-9.60623587711,472.847224024,152.231,-0.046,0.0089425173439,404.619250447,189.628,-0.195,-2.05952031715,354.952086741,127.239,-2.421,-2.55832111001,222.56835639,144.975,4.514,5.74594549058,316.181362371,152.941,3.392,2.12493756194,281.669227141,120.726,0.516,0.54475123885,0.0911215089801,0.987,0.391,0.468421209118,0.0943287769932,0.982,0.2,0.250949454906,0.0358477863451,0.995,0.325,0.398379583746,0.08502584105,0.992,0.259,0.320900891972,0.0559159445879,0.995,0.368,0.439890981169,0.0889028721585,0.994,0.259,0.317787908821,0.0534610333127,0.993,0.207,0.273922695738,0.0513242001687,0.985,0.387,0.4704271556,0.10702261734,0.977,0.326,0.3999296333,0.0790303607571,0.987,0.573,0.589960356789,0.107836355217,0.99,0.324,0.38421407334,0.0856267965908,0.996,4.0,10.0,0.0,261.637,274.07628,0.197,0.0,0.0,-12.449,104.96,0.262308997212
91.61618,92.3611430966,2814.42235704,185.04624,91.61618,92.3611430966,2814.42235704,185.04624,69.30104,68.6455528571,3346.14349683,173.20911,-18.772,-19.2895976714,20.8979206544,29.062,0.03534,0.0429001034929,0.00076470642845,0.18394,-27.236,-27.8501901682,20.766900286,43.436,98.58336,95.4195683571,2610.8141184,185.34531,91.61618,92.3608560711,2808.74758711,185.04624,37.138,36.6011694696,17.2117195922,31.591,-63.173,-58.974534282,1955.2252798,369.705,-14.26,-12.1920892626,1864.14841829,299.489,4.335,5.63446442432,1369.44870694,606.318,8.637,8.9392225097,608.590491907,172.738,-18.541,-15.4359650712,798.771538073,279.944,12.261,14.3122846054,1012.78449199,211.827,1.656,2.01260025873,585.38572758,256.442,6.139,4.68437904269,501.08752194,143.847,12.166,12.1085769728,466.506334192,137.485,0.059,-0.445285899094,213.769521485,103.279,1.875,0.629613195343,470.136319971,145.019,0.311,0.413510996119,0.105919683256,0.994,0.302,0.418545924968,0.117025148279,0.995,0.174,0.294411384217,0.0921798902714,0.998,0.126,0.224482535576,0.0651096830714,0.996,0.147,0.24852393273,0.0711209402422,0.997,0.14,0.239952134541,0.0676244155614,0.997,0.16,0.284605433376,0.0910796644983,0.993,0.136,0.277164294955,0.0919911256592,0.997,0.123,0.196031047865,0.0426944233569,0.995,0.194,0.308349288486,0.0874672182304,0.991,0.194,0.304659767141,0.087400260697,0.994,0.162,0.293311772316,0.0935726440658,0.995,1.0,7.0,1.0,185.481,197.19791,0.0,0.0,0.0,-16.113,159.233,0.253834736132
244.95227,245.20113297,19274.0315245,485.53538,251.713585,250.642431042,20338.7281641,495.30123,202.1503,222.682358261,21631.6311475,482.29964,-22.968,-23.18172909,49.2902299608,51.833,0.03991,0.0528554234613,0.00167395194802,0.67122,-31.082,-31.1683066807,51.285537492,46.527,253.44866,252.847249958,20523.5066968,496.64163,251.54191,250.481042897,20339.3390269,495.64225,33.611,33.0998190426,46.7848148615,48.379,-34.755,-33.785891636,1839.55806227,334.607,11.542,10.6677148869,4622.28879616,379.747,4.256,6.42066649132,1528.52425059,555.458,-1.261,-3.96158179905,740.051724608,235.687,-12.302,-9.04331036297,937.156476115,379.364,12.478,13.5416528143,652.81295751,201.585,2.462,2.72909784324,456.607044506,200.142,-3.212,-4.36431299316,362.801145549,139.978,1.745,2.13121304577,312.231499205,148.895,-2.009,-2.63318937401,256.510985313,113.163,-0.014,-0.971817464492,330.149120172,168.643,0.484,0.534234087322,0.101981003067,0.988,0.392,0.475472908995,0.109490487036,0.988,0.214,0.295910047344,0.0666912854382,0.994,0.298,0.414859021568,0.109785091119,0.994,0.222,0.319311415045,0.077585367513,0.995,0.162,0.267236191478,0.0703607411626,0.994,0.197,0.300128353498,0.0783414448615,0.993,0.215,0.324604418727,0.0848806999068,0.995,0.248,0.333947922146,0.0754411445788,0.993,0.141,0.212003156234,0.0441339736881,0.995,0.214,0.331253550763,0.0907629972586,0.993,0.241,0.326983166754,0.0719741585804,0.995,7.0,10.0,0.0,472.155,503.97995,0.699,0.0,0.0,-17.545,92.214,0.253834736132
184.24998,183.512440826,11142.1884209,365.06988,184.24998,183.512440826,11142.1884209,365.06988,151.92855,151.66283875,11319.792586,358.32654,-11.0065,-12.3099820099,38.754918267,56.644,0.038425,0.0440107320099,0.000622259137181,0.22408,-21.3025,-22.1311290323,61.6057017054,54.069,182.263105,182.602318393,11125.6343838,365.36943,184.333085,183.598225131,11142.0398482,365.24176,44.038,43.0544280397,41.6561889148,55.09,25.2275,21.6412220844,3214.11512845,388.454,9.586,8.38860297767,2927.93719852,304.486,12.888,15.5263504963,1735.33233038,566.595,9.2085,8.17991129032,791.229634228,176.634,-9.662,-3.68738523573,1290.98748935,423.051,-15.73,-11.5449280397,749.361333727,214.366,-0.6435,0.11327853598,720.421341399,196.042,17.4965,15.6163523573,378.453281088,156.618,0.7095,-0.388601116625,497.449726477,155.085,2.868,3.45130148883,376.686242405,175.043,-2.8855,-2.60487717122,245.664275832,147.621,0.447,0.488405707196,0.087885321754,0.974,0.4545,0.515199131514,0.103931926228,0.976,0.488,0.531433002481,0.100105663625,0.981,0.3435,0.389933622829,0.0567122195395,0.986,0.4575,0.498337468983,0.089952059812,0.983,0.3325,0.391706575682,0.0678170509989,0.986,0.254,0.316,0.053295044665,0.985,0.243,0.328626550868,0.0669753617764,0.989,0.231,0.297873449132,0.0516983450271,0.987,0.3275,0.412040322581,0.0851402645031,0.99,0.216,0.287762406948,0.0537157357332,0.99,0.328,0.423715260546,0.0933240274842,0.989,1.0,2.0,1.0,350.122,371.85261,0.212,0.0,0.0,-9.326,174.373,0.25350281414
172.05225,173.06481215,9323.9276632,337.7965,176.07787,175.278377348,10063.8328491,346.54152,116.62544,154.845316154,13750.7193193,341.68504,-19.735,-22.6115240385,92.7113931321,51.4,0.04372,0.0575267884615,0.00294801699526,0.7324,-27.1645,-29.5732163462,99.6227341542,45.755,182.75524,176.419512538,8623.71556831,347.46621,176.062255,175.280052591,10034.7453308,346.54152,36.845,34.1302163462,90.7168903926,47.698,3.771,3.46324326923,1872.89467791,354.912,41.3875,38.192975,2994.2833262,340.243,10.1975,9.35853942308,1166.37241029,320.829,-28.223,-26.4703644231,825.687537939,264.985,-10.442,-5.78831153846,679.374657034,196.727,-9.166,-8.10009230769,681.377334824,190.291,-0.5115,0.728038461538,334.879312404,143.916,1.438,0.851822115385,499.36548709,198.321,2.3305,3.21635673077,223.082490239,101.583,-0.2685,-0.0480259615385,211.198951931,151.252,1.9515,-1.67422211538,571.376648673,198.355,0.3295,0.414308653846,0.100433682617,0.996,0.2325,0.348260576923,0.0965665926766,0.997,0.317,0.409729807692,0.101476849112,0.994,0.179,0.308093269231,0.094376107647,0.996,0.1835,0.259342307692,0.0553345982101,0.993,0.187,0.32785,0.104449992885,0.997,0.1645,0.232518269231,0.0483208573585,0.997,0.3255,0.432426923077,0.113585442737,0.989,0.1775,0.294921153846,0.0835409957064,0.997,0.2545,0.337036538462,0.0765125448188,0.995,0.218,0.3308375,0.0914275553245,0.997,0.2065,0.328882692308,0.0975392266235,0.994,4.0,7.0,0.0,330.681,363.62404,2.769,0.0,0.0,-16.055,79.389,0.248460156093
223.335775,221.671737148,16755.7608724,440.88729,221.9414,222.145919869,16584.3093778,444.71735,255.41845,225.197518824,23437.9177867,438.36784,-21.682,-22.5830984781,80.0415432222,55.344,0.03705,0.0618139391227,0.00546226209585,0.73424,-27.125,-28.193084154,84.154152385,50.912,216.58703,222.907892748,14649.9990171,445.43338,222.10955,222.279006535,16584.423235,444.9924,35.52,34.6818979409,81.0318514882,52.857,-28.326,-33.6384073411,4401.39202315,382.357,-4.234,-4.0260519248,3409.28563992,332.759,-12.345,-10.5549391226,1148.5966295,305.432,7.043,8.99260519248,1411.00532223,223.597,-25.908,-22.2176553268,661.597228455,208.929,-6.877,-3.68696866607,656.985833081,191.066,0.297,0.664358997314,397.847104244,160.123,2.736,-1.99271888988,673.315098508,154.194,1.706,1.04708325873,254.888515369,136.562,1.869,1.73958370636,163.346811774,112.079,1.53,2.50490331244,460.699292306,170.754,0.184,0.303474485228,0.0925154364573,0.998,0.149,0.255940017905,0.0774590859277,0.997,0.197,0.315438675022,0.0941514530432,0.994,0.118,0.207105640107,0.0505746441669,0.997,0.336,0.476776186213,0.146483348296,0.994,0.213,0.334177260519,0.10148846276,0.998,0.106,0.183761862131,0.0410565037201,0.998,0.261,0.38436168308,0.120266968559,0.999,0.123,0.22927126231,0.0654906846979,0.998,0.167,0.324102954342,0.112588745891,0.998,0.098,0.216956132498,0.0809033973594,0.998,0.11,0.185508504924,0.0448584665794,0.998,3.0,2.0,0.0,433.604,452.23138,0.276,0.0,0.0,-15.336,111.961,0.246865094453
196.42618,196.605386259,12935.8738427,392.8266,197.42897,197.611710821,13046.7428824,395.49236,178.06299,182.786379333,15346.169636,381.18965,-23.723,-24.8093589744,60.9138760206,47.329,0.03643,0.0464732454212,0.00122023498427,0.39028,-32.355,-33.3953150183,59.4267986231,51.601,197.56363,196.633712425,12832.6745335,395.78703,197.513845,197.695512235,13046.7869898,395.66148,32.247,31.0304747253,54.0361215724,47.919,-17.805,-14.1077553114,4084.03424634,441.698,-30.917,-26.2808989011,3356.52680235,339.853,-3.075,0.360109157509,1777.10744043,580.637,12.835,13.0726827839,899.279152382,205.689,-16.081,-11.5760153846,869.027672559,236.685,-8.35,-5.92521978022,778.317175769,156.647,-6.277,-5.1258952381,433.911323982,183.63,13.298,13.2214871795,429.597657243,140.118,-1.815,-2.30825787546,313.729134827,133.757,0.068,0.951426373626,249.386385232,148.477,-3.216,-3.65601904762,333.091172442,123.07,0.524,0.562848351648,0.128101012168,0.998,0.372,0.438068131868,0.0954336517683,0.994,0.332,0.420146520147,0.100896607103,0.994,0.184,0.272412454212,0.064034513398,0.998,0.154,0.238986813187,0.0596897346246,0.999,0.222,0.327898168498,0.0868810028172,1.0,0.125,0.247602197802,0.0732619992626,0.999,0.243,0.36763956044,0.10875206349,1.0,0.146,0.230494505495,0.0549078382482,1.0,0.181,0.268703296703,0.0606757500624,0.999,0.3,0.415975091575,0.12280662209,1.0,0.146,0.229112087912,0.0496496189381,1.0,4.0,10.0,1.0,395.865,404.81914,4.94,0.0,0.0,-19.398,179.408,0.243790756407
158.668005,158.367470652,8335.78514879,314.50851,159.91059,159.593391934,8465.46287729,318.43682,147.25474,150.128205625,9191.99801889,311.51172,-14.039,-15.2113977486,29.399492501,52.247,0.03356,0.0453640525328,0.00144641563223,0.49678,-23.556,-24.3960969356,52.6492273246,50.124,166.67102,160.875165591,8320.2229994,318.77202,159.97168,159.654768139,8465.43693269,318.55913,41.92,40.7875522201,32.0579847951,50.787,-6.721,-7.77448280175,2435.0631179,342.794,-3.561,-0.0952307692308,2649.94937173,274.353,5.662,8.71112695435,1390.08857253,471.601,-14.655,-14.8146391495,547.660543722,172.299,-14.248,-9.62444090056,955.34920569,229.527,-0.613,0.29970481551,476.465312443,187.932,-0.346,-0.884037523452,439.590319675,213.169,10.735,10.2426385241,321.858362203,132.274,7.004,6.99696998124,268.791345424,114.216,3.705,3.458315197,347.512459964,148.132,4.022,4.39154846779,338.037992306,163.236,0.514,0.546841150719,0.0893619885255,0.96,0.472,0.515924327705,0.085683439552,0.965,0.304,0.362017510944,0.0559843061349,0.98,0.335,0.396714821764,0.065139697285,0.975,0.4,0.431247029393,0.0567608601772,0.978,0.406,0.460926829268,0.0745673461157,0.974,0.358,0.411216385241,0.0649900044595,0.974,0.459,0.493861163227,0.0767757255649,0.976,0.623,0.602081300813,0.0916580221582,0.964,0.6,0.581671044403,0.0901231588301,0.956,0.504,0.529092557849,0.0927025442786,0.969,0.247,0.332383989994,0.0716022715636,0.989,7.0,10.0,0.0,308.779,320.86159,0.162,0.0,0.0,-12.588,245.216,0.243422954898
189.645555,190.191050278,12119.7284078,380.2318,190.52893,191.077327797,12205.8618433,382.86749,165.38565,179.278854118,15516.4912023,376.65757,-17.446,-18.0994761624,23.091035449,30.849,0.03154,0.0402224955856,0.00102166831137,0.44518,-27.932,-27.8731430253,44.9285986076,44.683,198.81846,197.093668199,11132.1444321,383.14966,190.418825,190.966794054,12205.7333078,383.08602,37.691,37.3933778693,25.0875716465,32.054,0.157,5.13020423779,1684.38863739,358.152,-13.844,-14.8562937022,2676.54238528,353.379,9.873,12.6902071807,1359.7223781,484.122,4.913,3.168783402,782.186452551,208.724,-15.6,-11.9081854032,882.541294193,205.162,-6.731,-7.4100988817,625.649125177,198.951,-2.484,-1.2172772219,354.974589463,140.475,13.711,13.6920918187,264.082389649,125.716,1.066,1.17994997057,249.869016746,130.735,4.732,5.0153025309,267.807481481,152.247,2.811,1.76885167746,275.740578244,136.388,0.617,0.60461624485,0.0942991099421,0.995,0.742,0.661067098293,0.106512455769,0.99,0.389,0.456058858152,0.0835868405616,0.993,0.357,0.416095350206,0.0784885477065,0.997,0.427,0.477890523838,0.0876239326883,0.986,0.38,0.432261918776,0.0790876647711,0.996,0.357,0.397744555621,0.0698875639418,0.996,0.314,0.374843437316,0.0687203180426,0.991,0.284,0.357253090053,0.0704165880937,0.993,0.3,0.39272101236,0.0842015737256,0.994,0.244,0.319400235433,0.064923647934,0.994,0.249,0.318354326074,0.0643945042353,0.996,4.0,9.0,0.0,382.38,390.76526,0.0,0.0,0.0,-14.878,135.868,0.239629097774
231.05619,230.037900836,17354.5935766,455.85963,231.788285,230.768943814,17465.3947421,458.54089,216.11197,217.912795556,21067.6799731,454.90299,-20.048,-19.3857273846,44.6578144469,57.714,0.03828,0.0479849846154,0.00167655389392,0.56215,-27.323,-27.0283243077,41.1068303028,53.32,237.06032,230.62985624,16644.6350392,458.73891,231.716085,230.69544326,17465.5853405,458.68821,36.749,37.1369612308,39.5685324914,54.789,12.619,19.2128873846,2997.30042524,437.209,-22.65,-16.099104,2817.34305688,273.848,-9.506,-6.30471323077,1215.21573626,332.605,1.457,2.01547446154,593.667746451,183.259,-18.154,-11.7874252308,953.04135003,223.791,3.84,4.04530153846,447.668371564,175.799,4.394,5.59585784615,352.834459226,150.702,6.204,4.97461846154,228.893215042,102.72,-2.495,-1.85299507692,261.649884906,114.519,-0.73,-1.40959938462,265.038734121,148.857,2.402,0.744883692308,268.512718612,128.056,0.294,0.398501538462,0.106476005075,0.997,0.366,0.450804923077,0.118854943483,0.997,0.245,0.343776615385,0.0866924787147,0.994,0.191,0.310257230769,0.0920641873708,0.997,0.198,0.312138461538,0.0885515543669,0.998,0.235,0.366955692308,0.115363873729,0.996,0.206,0.291380307692,0.0674996252122,0.998,0.359,0.451841846154,0.121565569449,0.997,0.16,0.256436307692,0.0672726804048,0.998,0.126,0.229172923077,0.0670854919438,0.997,0.117,0.206924923077,0.0561311242096,0.998,0.082,0.149941538462,0.0305620267361,0.999,5.0,5.0,0.0,453.312,465.47546,0.218,0.0,0.0,-12.957,203.729,0.215080318509
325.59573,324.478049713,34397.3297671,642.33908,326.12063,325.185715808,35043.1252641,647.14467,214.324495,271.130442727,45266.8895418,635.91916,-20.623,-21.5700168687,39.9876664278,50.425,0.0366,0.0548537849236,0.00422107359189,0.92798,-29.755,-30.3701692145,58.9776864158,44.052,329.93447,333.988521935,25757.944834,647.3859,326.12063,325.18626661,35014.9729264,647.14467,35.426,34.4395108065,42.750643669,46.204,-100.27,-99.7608592514,2630.62804537,420.243,15.709,18.7823690037,8460.87661346,509.718,13.407,12.0678597786,1994.61120561,372.813,-1.191,0.2453943068,1302.23407199,260.491,-8.668,-2.41364206642,1337.52547879,301.642,11.198,9.18847074328,1059.95285788,221.212,-2.198,-2.09349235635,637.606368764,228.619,-6.277,-5.29687928308,383.810563694,170.585,-3.351,-1.97001634159,450.467148921,176.406,3.418,2.67905482341,393.199052283,189.648,8.217,7.44387770163,279.634826213,147.489,0.282,0.372897206115,0.103682419059,0.997,0.356,0.454506062203,0.12360907864,0.997,0.105,0.207004217185,0.0582230806359,0.998,0.205,0.309452293094,0.0909321465116,0.997,0.111,0.229741170269,0.073435839702,0.997,0.138,0.236144965735,0.0658074513097,0.998,0.25,0.40606483922,0.13742268267,0.999,0.082,0.202529783869,0.070581060921,0.998,0.141,0.310311017396,0.11563155535,0.997,0.096,0.207981022667,0.0683622790284,0.999,0.191,0.323800210859,0.0990230349393,0.998,0.24,0.373474960464,0.115792020591,0.998,7.0,11.0,1.0,645.149,660.47955,0.189,0.0,0.0,-17.371,113.881,0.215080318509
231.02449,231.031142165,17783.7188502,459.83628,232.02191,232.03118211,17977.0808173,463.82925,225.52555,215.210432857,24754.0557181,457.02742,-9.417,-11.5205553097,48.7799450965,58.094,0.02707,0.0336132522124,0.00116107624761,1.12687,-15.9555,-18.9852234513,66.0177381293,52.281,253.68998,250.58133604,18301.2185399,464.25701,232.02191,232.031175217,17967.44186,464.07774,47.3885,44.6972119469,51.1679036626,52.749,-11.193,-13.1593070796,2216.92807249,442.136,-2.629,-11.3309774336,2466.66132785,286.342,0.576,3.69090707965,901.468334076,256.459,8.157,12.9112690265,1073.04660481,266.051,-26.377,-22.5899553097,566.499523985,190.673,-18.429,-16.2301283186,522.03902866,184.531,-12.447,-12.3053128319,391.203816546,146.386,3.4715,3.12280309735,351.648030574,168.717,0.862,0.911620353982,328.858469608,142.834,9.0165,8.86365752212,156.137022413,113.988,-2.8075,-3.57241902655,380.145071486,155.766,0.6835,0.629665486726,0.0988946827911,0.985,0.4615,0.501903539823,0.0891382278636,0.991,0.394,0.434126548673,0.0670088069943,0.998,0.223,0.271010619469,0.0360839273209,0.998,0.378,0.417701769912,0.0620307181385,0.997,0.528,0.550807522124,0.0763110660496,0.999,0.5375,0.565390707965,0.0986824123915,0.995,0.685,0.643224778761,0.100736755669,0.987,0.311,0.381911061947,0.0713371562493,0.997,0.3755,0.44810619469,0.0871940462448,0.998,0.2335,0.320560619469,0.0605891657943,0.99,0.185,0.258834513274,0.0526767221717,0.995,4.0,0.0,1.0,451.355,467.74812,0.322,0.0,0.0,-8.009,119.968,0.215080318509
189.868515,189.576075064,11875.817085,377.15393,190.46571,190.177436947,11970.9324972,379.53845,139.20127,153.086058667,13496.554429,371.64152,-16.4,-16.8577763802,39.4473556257,55.806,0.0373,0.0474470719776,0.0015305890502,0.60551,-25.33,-25.6356813417,50.5039224771,53.181,184.16413,182.015265038,11832.8277723,379.70113,190.46571,190.177545871,11961.3728534,379.53845,39.636,39.0728728162,41.0576907833,53.804,12.04,10.6184129979,2071.66323776,323.978,-31.803,-25.4749671558,2290.08196009,280.007,-5.047,-1.73676939203,1735.26178557,465.14,5.05,3.35508245982,706.127907401,169.215,-17.35,-10.8089273235,984.399740485,210.991,4.228,5.59291125087,491.225239814,162.332,1.205,-0.205392732355,528.446585076,211.282,12.376,11.9887763802,233.109453139,100.385,3.627,2.96167225716,374.429560552,138.163,-0.984,-0.860120894479,265.655285361,149.838,4.161,4.28868483578,189.701458142,114.134,0.293,0.351392732355,0.0663922804224,0.996,0.587,0.582046121593,0.130080759578,0.991,0.246,0.320359189378,0.0638819338761,0.99,0.357,0.447047519217,0.111394042466,0.992,0.277,0.368423480084,0.0926101169609,0.993,0.237,0.378198462614,0.115370625882,0.994,0.265,0.360742138365,0.0917735330881,0.996,0.235,0.329953179595,0.0811528790098,0.993,0.213,0.333343116702,0.0972557879313,0.996,0.119,0.193668064291,0.0418226857656,0.998,0.166,0.268758909853,0.0734620865296,0.989,0.093,0.178085953878,0.052732289607,0.998,4.0,3.0,0.0,379.269,385.93261,1.106,0.0,0.0,-11.687,199.696,0.215080318509
185.88265,185.60884041,11392.8001773,368.14621,185.88265,185.60884041,11392.8001773,368.14621,168.022445,164.58973,12463.9491784,356.90316,-17.564,-18.3137951451,26.999037276,51.518,0.03517,0.0412662226169,0.000611156011901,0.21395,-28.18,-29.1856494967,48.3978171904,45.403,188.14218,186.708755151,11086.90027,368.74168,186.010385,185.734893885,11392.4865784,368.41762,37.502,36.6996080521,26.2434961495,46.122,-2.907,-3.23924629959,3444.43113085,448.265,22.662,19.5459502664,3268.97072472,335.364,24.189,28.3130473653,1829.22883906,493.254,3.173,4.19710065127,968.874257961,247.771,-6.762,-1.08344227353,1286.03258294,208.559,8.718,11.8323783304,874.890784392,200.926,-0.834,-0.474481349911,582.791318021,182.039,4.431,4.40601361753,513.690291806,240.717,3.163,3.40402249852,403.342112069,162.29,4.61,5.44482534044,364.919114088,153.788,4.07,6.07380994671,536.035147779,180.632,0.275,0.352827708703,0.0808068649279,0.994,0.396,0.475745411486,0.112589038796,0.992,0.236,0.308359384251,0.0639154309377,0.989,0.241,0.308457075192,0.0644026685245,0.992,0.309,0.391795145056,0.0908569373121,0.99,0.279,0.332623445826,0.0579656865077,0.994,0.381,0.471367081113,0.118782714275,0.988,0.194,0.293360568384,0.0704644176518,0.994,0.205,0.298352871522,0.0714904130779,0.995,0.248,0.366411486086,0.103804722923,0.994,0.225,0.318474245115,0.0778150225753,0.994,0.164,0.268884547069,0.0758468279968,0.995,1.0,1.0,0.0,368.135,375.40526,0.212,0.0,0.0,-15.098,118.464,0.215080318509
30.76943,30.7036760317,307.575438781,59.88579,31.0106,30.9453255294,315.053045704,61.33309,21.325955,23.93923,406.243141501,53.10501,-8.646,-9.47234138973,10.2809954575,17.428,0.02826,0.0463373413897,0.00229338195909,0.28853,-17.294,-17.7362114804,23.3072705172,29.786,32.302,31.6082467372,309.804422112,61.64009,30.95046,30.884994549,315.05853778,61.45424,46.538,46.0763141994,10.5343595629,19.87,40.561,41.0428036254,1651.0323447,239.75,-11.316,-12.1317190332,1604.72463099,214.847,0.58,0.0783081570997,1264.15699946,326.109,-0.581,4.41387915408,2122.19160012,208.365,-23.037,-21.8649969789,1069.21165794,301.702,-9.863,-7.78988519637,571.991913497,128.11,-2.962,-0.606175226586,531.210049746,177.709,-1.773,2.55873716012,610.286922037,121.7,6.708,9.16494864048,511.207649457,115.286,9.519,9.13624169184,393.517050739,182.044,9.874,7.6278489426,265.372043355,91.635,0.645,0.592833836858,0.0859999633264,0.973,0.613,0.620271903323,0.0980869290897,0.969,0.314,0.3936918429,0.0775610168217,0.984,0.19,0.275848942598,0.0517224243116,0.887,0.208,0.288673716012,0.0508452288862,0.887,0.262,0.388039274924,0.0950831072188,0.977,0.25,0.38418429003,0.091000512865,0.978,0.464,0.508332326284,0.104381557233,0.963,0.292,0.349885196375,0.0454644762461,0.958,0.292,0.376087613293,0.0692273125656,0.983,0.362,0.439933534743,0.0707836511715,0.983,0.299,0.343719033233,0.0493429512692,0.994,4.0,2.0,0.0,62.249,62.24934,0.0,0.0,0.0,-7.852,248.405,0.215080318509
120.025035,118.753003068,4704.84772333,234.19481,121.36905,120.404092575,4782.71274278,238.49909,128.78533,112.059666364,5884.39542267,230.42269,-17.4035,-18.3952712177,38.6942317881,38.193,0.027825,0.0372049538745,0.00094776556116,0.30916,-28.2445,-28.2327140221,52.794467575,47.937,120.24891,117.994014299,4440.70662763,239.30218,121.59305,120.622540612,4782.33959437,238.94048,37.5565,36.8943035055,37.485216752,37.186,-43.5675,-51.7572546125,3872.82787045,392.62,-22.7795,-19.542501845,2288.02142713,270.06,10.6295,15.166454797,1521.82930409,308.125,-0.6965,9.64743081181,2377.79698416,295.35,-20.6535,-17.6400738007,986.262069417,206.288,1.2645,0.550629151292,519.518583861,156.121,-3.9825,-4.79663099631,929.645720761,203.596,0.724,0.813605166052,477.918632632,184.513,0.135,0.0236273062731,479.987682902,166.074,6.319,6.92424077491,318.783861078,138.579,-6.5195,-4.79086254613,476.948545045,144.117,0.5095,0.537766605166,0.0787454446043,0.991,0.6875,0.650683579336,0.099258755044,0.995,0.333,0.401092250923,0.0760446409363,0.995,0.362,0.410828413284,0.0675675923292,0.979,0.436,0.488730627306,0.0917953222723,0.997,0.261,0.33261900369,0.060758422185,0.996,0.2875,0.378584870849,0.0771219789593,0.974,0.285,0.371580258303,0.0804075369165,0.988,0.336,0.420697416974,0.0906147128716,0.991,0.352,0.433661439114,0.10075147117,0.992,0.236,0.298631918819,0.0525741698668,0.995,0.2705,0.366477859779,0.0850049616869,0.993,4.0,9.0,1.0,232.211,239.85587,5.718,0.0,0.0,-14.433,90.14,0.212045405484
139.29835,139.093080627,6405.13041759,274.47365,139.29835,139.093080627,6405.13041759,274.47365,121.516265,120.041569167,6672.05031334,257.71324,-25.614,-26.0625603985,126.551400341,51.867,0.05917,0.0736478953923,0.00530572460815,1.39469,-36.238,-36.0724470735,109.844409956,50.281,145.42408,143.693527285,6500.36690906,275.74005,139.164015,138.95514165,6417.88431751,275.31916,28.814,28.927864259,102.027132583,45.553,11.138,-1.9505765878,6911.35308577,444.228,25.11,29.9607198007,6108.51759993,441.285,5.808,6.76413325031,4768.97798211,536.88,50.708,49.6128530511,1217.96095038,223.822,-1.361,5.34075965131,1722.48917391,326.108,-29.682,-28.0307970112,1546.43840733,276.433,3.815,3.90536861768,796.635453914,193.634,-14.888,-11.4814520548,907.909429735,219.966,-0.851,1.16575591532,389.565017913,144.524,-3.125,-5.27272104608,551.540834983,175.055,0.153,0.387108343711,460.332201479,155.674,0.298,0.400374844334,0.105718177051,0.995,0.279,0.394231631382,0.104537687318,0.998,0.292,0.387342465753,0.0957096050086,0.997,0.29,0.380504358655,0.096598997179,0.998,0.268,0.356706102117,0.0852168999254,0.997,0.343,0.438210460772,0.118184168658,0.995,0.269,0.36804732254,0.0943702792052,0.997,0.221,0.330464508095,0.0853003408947,0.998,0.207,0.289779576588,0.0679841145518,0.997,0.264,0.360057285181,0.0908489481505,0.995,0.252,0.355676214197,0.0883181541914,0.992,0.234,0.324153175592,0.0771744659519,0.996,1.0,10.0,1.0,269.944,276.61016,0.0,0.0,0.0,-16.547,72.645,0.212045405484
